{
	"type": "ConsumeGenerator",
	"name": "铜发电机",
	"description": "利用铜生锈发电",
	"size": 2,
	"hasPower": true,
	"hasItems": true,
	"craftTime": 80,
	"powerProduction":0.8
	"updateEffect":"none",
	"drawer":{
        "type":"DrawMulti",
        "drawers":[
            "DrawDefault",
			"DrawFlame"
            ]
    },
	"itemCapacity": 10,
	"consumes": {
    "items": {
    "items": [
	  { "item": "copper" "amount": 4}
	]
  }
},
"requirements": [
	{ "item": "copper", "amount": 30 },
	{ "item": "铜铅合金", "amount": 50 },
	{ "item": "graphite", "amount": 20 },
	],
	"research": "battery",
	"category": "power",
	"idleSound": "smelter",
	"idleSoundVolume": 0.5
}