{
    "name":"小型塑料钻头",
    "type": "Drill",
    "description":"挖得很快，但仅限钛及一下矿物",
    "size": 2,
    "health": 140,
    "tier": 3,
    "drillTime": 100,   
    "liquidBoostIntensity":2,
    "canOverdrive": true,
    "warmupSpeed": 0.03,
    "drillEffect": "smeltsmoke",
    "updateEffect": "smeltsmoke",
    "rotateSpeed": 3,
    "drawMineItem": false,
    "consumes": {
        "liquid": {
            "liquid": "water",
            "amount": 0.15,
            "booster": true,
            "optional": true
        }
    },
    "itemCapacity": 20,
    "liquidCapacity": 20,
    "requirements": [	
   { "item": "塑料", "amount": 20 }
   { "item": "copper", "amount": 15 }
    ],
    "category": "production",
    "research": "mechanical-drill"
}
