{
	"type": "ItemTurret",
	"name": "三管炮",
	"description": "重型炮塔，可以在短时间内倾泻大量火力。",
	"health": 500,
	"size": 1,
	"reload": 40,//开火间隔
	"range": 160,//范围
    "ammoPerShot": 3,
	"consumes": {
	"coolant":{"amount":0.2,"optional":true}  
		},
	"shoot":{
		"shots":3,//发射几个炮弹
	    "shotDelay":1,//发射间隔
		"type":"ShootAlternate",
		"barrels":3,//几个发射口
		"spread":3//炮管间隔
	},
	"ammoUseEffect": "casing2Double",
	"inaccuracy": 1,//不精确度
	"rotateSpeed": 12,//旋转速度
	"shake":1,//屏幕摇晃
	"ammoTypes": {
        "copper": {
			"speed": 5,
			"damage": 12,//伤害
			"lifetime":70,//存在时间
			"width": 7,//宽
			"height": 8,//高
			"ammoMultiplier":2,//装填倍数
			"shootEffect": "shootSmall"	},
			//发射特效
        "lead": {
			"speed": 5,
			"damage": 10,
			"lifetime":70,
            "fragBullets": 5,//分裂子弹数
            "fragBullet": {//分裂子弹节
                "speed": 1.2,
                "damage": 7,
                "lifetime": 32
                //注:分裂子弹节可以加
                //子弹节的任何代码
                //甚至可以套娃
                //并且...*#&$%@
            },
			"width": 7,
			"height": 8,
			"ammoMultiplier":2,
    	    "hitEffect":"flakExplosion"//受击特效
			"shootEffect": "shootSmall"
			},
	    "graphite":{		  
	        "reloadMultiplier":0.5,
	        "speed": 5,
			"damage": 23,
			"lifetime":60,
			"width": 8,
			"height": 10,
			"ammoMultiplier":4,
			"shootEffect": "shootSmall"	    },
	    "pyratite": {
			"speed": 5,
			"damage": 13,
			"lifetime":60,
			"width": 7,
			"height": 8,
	        "makeFire":true,//制造火焰
			"ammoMultiplier":2,
			"shootEffect":"shootSmall",
			"status":"burning",//状态
	     	"statusDuration":600,//时间
	     	"backColor":"FFD700",//颜色
			"frontColor":"FFD700"//边框颜色
            "hitEffect": {//没想到吧
                        //可以这样(doge
            "type": "WaveEffect",//类型，这里用的是波特效
            "lifetime": 9,//时间
            "sizeFrom": 0,//初始大小
            "sizeTo": 10,//结束大小
            "strokeFrom": 2,//初始粗细
            "strokeTo": 0,//结束粗细
            "colorFrom": "FFFFFF",//开始颜色
            "colorTo": "FF9900"//自己看!!!
        },
            "despawnEffect": {//爆炸特效
//爆炸特效和受击特效是不一样的
//爆炸特效是没有击中单位的时候产生的特效
//受击特效是击中单位时产生的特效
            "type": "WaveEffect",
            "lifetime": 9,
            "sizeFrom": 0,
            "sizeTo": 10,
            "strokeFrom": 2,
            "strokeTo": 0,
            "colorFrom": "FFFFFF",
            "colorTo": "FF9900"
        },
        },
	    "silicon":{
	        "speed": 5.3,
			"damage": 14,
	    "reloadMultiplier":1.6,//射击速度倍数
		    "lifetime":40,
			"width": 5,
			"height": 6,
           	"lightningDamage":5,
        	"lightning":1,
        	"lightningLength":7,
        	"lightningColor":"DDEEFF",
			"shootEffect": "shootSmall",
			"homingRange": 40,//追踪范围
            "homingPower": 0.06,//追踪力度
			"ammoMultiplier":5
	    }
	}, 
	"researchCostMultiplier": 0.5,//研究费用倍数，是通用代码
	"requirements": [
{ "item": "铜铅合金", "amount": 45 },
	],
	"category": "turret",
	"research": "duo"
}
