{
	"type": "PowerTurret",
	"name": "流金",
	"description": "重型双管炮塔，电能炮弹释放的电能相当于500个巨浪合金\n[yellow]不需要任何能量",
	"health": 1200,
	"size": 3,
	"shootSound": "shootBig",
	"reload": 10,//开火间隔
	"range": 320,//范围
    "ammoPerShot": 3,
	"consumes": {
	"coolant":{"amount":0.3,"optional":true}  
		},
	"shoot":{
		"shots":1,//发射几个炮弹
	    "shotDelay":4,//发射间隔
		"type":"ShootAlternate",
		"barrels":2,//几个发射口
		"spread":8//炮管间隔
	},
	"inaccuracy": 3,
	"rotateSpeed": 12,
	"shake":2,
	"shootType": {
			"speed": 5,
			"damage": 20,
		    "splashDamageRadius":40,
    	    "splashDamage":47,
			"lifetime":70,
	        "width": 13,
            "height": 15,
           	"lightningDamage":36,
        	"lightning":5,
        	"lightningLength":9,
        	"lightningColor":"DDEEFF",
            "fragBullets": 5,//分裂子弹数
            "fragBullet": {//分裂子弹节
                "speed": 1,
                "damage": 20,
                "lifetime": 12,
                "width": 10,
                "height": 4,
                "despawnEffect": "none"
                }
            "despawnEffect": {
            "type": "WaveEffect",
            "lifetime": 15,//时间
            "sizeFrom": 0,//初始大小
            "sizeTo": 35,//结束大小
            "strokeFrom": 7,//初始粗细
            "strokeTo": 0,//结束粗细
            "colorFrom": "FFFFFF",//开始颜色
            "colorTo": "DDEEFF"
        },
	}
	"researchCostMultiplier": 1.8,//研究费用倍数，是通用代码
	"requirements": [
{ "item": "金锭", "amount": 80 },
{ "item": "silicon", "amount": 200 },
{ "item": "titanium", "amount": 80 },
{ "item": "塑料", "amount": 120 },
	],
	"category": "turret",
	"research": "爆破"
}
