{
	"type": "ItemTurret",
	"name": "爆破",
	"description": "大口径双管速射炮塔，高爆炮弹可以将敌人撕碎",
	"health": 700,
	"size": 2,
	"shootSound": "shootBig",
	"reload": 10,//开火间隔
	"range": 240,//范围
    "ammoPerShot": 3,
	"consumes": {
	"coolant":{"amount":0.2,"optional":true}  
		},
	"shoot":{
		"shots":2,//发射几个炮弹
	    "shotDelay":4,//发射间隔
		"type":"ShootAlternate",
		"barrels":2,//几个发射口
		"spread":5//炮管间隔
	},
	"inaccuracy": 3,
	"rotateSpeed": 12,
	"shake":2,
	"ammoTypes": {
        "铜铅合金": {
			"speed": 5,
			"damage": 22,
			"lifetime":70,
            "fragBullets": 10,
            "fragBullet": {
                "speed": 1,
                "damage": 5,
                "lifetime": 20,
                "width": 8,
                "height": 4,
                "trailEffect": "none",//连续效果
                "despawnEffect": "none",
            },
			"width": 9,
			"height": 11,
			"ammoMultiplier":2,
    	    "hitEffect":"flakExplosion"
			"shootEffect": "shootSmall"},
			//发射特效
        "graphite": {
			"speed": 5,
			"damage": 30,
			"lifetime":70,
            "fragBullets": 5,//分裂子弹数
            "fragBullet": {//分裂子弹节
                "speed": 1,
                "damage": 10,
                "lifetime": 10,
                "width": 8,
                "height": 4,
                "despawnEffect": "none"
            },
			"width": 9,
			"height": 11,
			"ammoMultiplier":2,
    	    "hitEffect":"flakExplosion"//受击特效
			"shootEffect": "shootSmall"
			},
	        "silicon": {
			"speed": 5,
			"damage": 19,
			"lifetime":70,
            "fragBullets": 3,//分裂子弹数
            "fragBullet": {
            "spped": 1,
            "damage": 5,
            "lifetime": 10,
            "width": 8,
            "height": 4,
            "despawnEffect": "none",
            },
           	"lightningDamage":15,
        	"lightning":3,
        	"lightningLength":13,
        	"lightningColor":"DDEEFF",
        	"reloadMultiplier":0.7,
			"width": 10,
			"height": 10,
			"ammoMultiplier":2,
    	    "hitEffect":"flakExplosion"//受击特效
			"shootEffect": "shootSmall"
			},
	        "金锭": {
			"speed": 5,
		    "splashDamageRadius":50,
    	    "splashDamage":450,
			"damage": 210,
			"lifetime":80,
            "fragBullets": 5,//分裂子弹数
            "fragBullet": {
            "spped": 3,
            "splashDamageRadius":30,
	        "splashDamage":60,
            "damage": 20,
           	"lightningDamage":10,
        	"lightning":3,
        	"lightningLength":5,
        	"lightningColor":"FFBB00",
            "lifetime": 30,
            "width": 9,
            "height": 10,
            "despawnEffect": {
            "type": "WaveEffect",
            "lifetime": 12,//时间
            "sizeFrom": 0,//初始大小
            "sizeTo": 25,//结束大小
            "strokeFrom": 5,//初始粗细
            "strokeTo": 0,//结束粗细
            "colorFrom": "FFFFFF",//开始颜色
            "colorTo": "FF9900"
        },
            "fragBullets": 7,//分裂子弹数
            "fragBullet": {
            "spped": 1,
            "damage": 8,
            "lifetime": 10,
            "width": 8,
            "height": 4,
            "despawnEffect": "none",
            }},
           	"lightningDamage":15,
        	"lightning":3,
        	"lightningLength":10,
        	"lightningColor":"FF8800",
        	"reloadMultiplier":0.5,
			"width": 12,
			"height": 15,
			"ammoMultiplier":2,
    	    "hitEffect":"flakExplosion"//受击特效
			"shootEffect": "shootSmall"
			},
	}, 
	"researchCostMultiplier": 1.2,//研究费用倍数，是通用代码
	"requirements": [
{ "item": "铜铅合金", "amount": 50 },
{ "item": "silicon", "amount": 20 },
{ "item": "titanium", "amount": 30 },
{ "item": "塑料", "amount": 70 },
	],
	"category": "turret",
	"research": "三管炮"
}
