{
	"type": "GenericCrafter",
	"name": "金锭制造厂",
	"description": "把奇奇怪怪的东西弄成[yellow]金锭",
	"outputItem": { "item": "金锭", "amount": 1},
	"size": 3,
	"hasPower": true,
	"hasItems": true,
	"craftTime": 450,
	"updateEffect": "smeltsmoke",
	"itemCapacity": 100,	
	"consumes": {
    "power":4,
    "liquid":{
	"liquid":"冷油",
	"amount":0.5,
	"booster":false},
    "items": {
    "items": [
	  { "item": "titanium" "amount": 20}
	  { "item": "silicon" "amount": 30}
	  { "item": "钛板" "amount": 10}
	  { "item": "塑料" "amount": 25}
	]
  }
},
"requirements": [
	{ "item": "copper", "amount": 30 },
	{ "item": "lead", "amount": 50 },
	{ "item": "graphite", "amount": 20 },
	{ "item": "silicon", "amount": 100 },
	{ "item": "titanium", "amount": 20 }
	],
	"category": "crafting",
	"research": "alloy-smelter",
	"idleSound": "respawning",
	"idleSoundVolume": 0.5
}