{
	"type": "GenericCrafter",
	"name": "钛板压缩厂",
	"description": "把钛压成致密的钛板",
	"outputItem": { "item": "钛板", "amount": 1},
	"size": 3,
	"hasPower": true,
	"hasItems": true,
	"craftTime": 80,
	"updateEffect": "smeltsmoke",
	"itemCapacity": 10,
	"consumes": {
    "power":0.8,
    "items": {
    "items": [
	  { "item": "titanium" "amount": 3}
	]
  }
},
"requirements": [
	{ "item": "copper", "amount": 30 },
	{ "item": "铜铅合金", "amount": 50 },
	{ "item": "graphite", "amount": 20 },
	{ "item": "silicon", "amount": 50 },
	{ "item": "titanium", "amount": 20 }
	],
	"category": "crafting",
	"research": "alloy-smelter",
	"idleSound": "respawning",
	"idleSoundVolume": 0.5
}